{"stats":{"minecraft:custom":{"minecraft:animals_bred":1,"minecraft:interact_with_crafting_table":94,"minecraft:open_barrel":17,"minecraft:eat_cake_slice":2,"minecraft:leave_game":26,"minecraft:time_since_death":310592,"minecraft:sprint_one_cm":1488541,"minecraft:drop":390,"vampirism:interact_with_totem":5,"tombstone:eaten_lollipop":1,"minecraft:talked_to_villager":342,"minecraft:play_time":707691,"minecraft:deaths":43,"tombstone:tomb_raiding":1,"minecraft:jump":11408,"minecraft:interact_with_brewingstand":2,"minecraft:walk_on_water_one_cm":64529,"minecraft:enchant_item":28,"minecraft:interact_with_furnace":118,"minecraft:traded_with_villager":392,"vampirism:interact_with_research_table":2,"minecraft:sleep_in_bed":21,"tombstone:sneak_grave":1,"minecraft:damage_dealt":68048,"tombstone:use_disenchantment":3,"minecraft:player_kills":4,"minecraft:crouch_one_cm":29345,"tombstone:undead_killed":1004,"minecraft:interact_with_smithing_table":16,"minecraft:interact_with_smoker":12,"minecraft:interact_with_anvil":36,"minecraft:mob_kills":1165,"minecraft:inspect_hopper":34,"minecraft:damage_dealt_resisted":8254,"minecraft:climb_one_cm":41978,"vampirism:amount_bitten":122,"minecraft:walk_one_cm":1615090,"tombstone:consume_soul":3,"vampirism:skills_unlocked":8,"minecraft:damage_dealt_absorbed":90,"minecraft:sneak_time":10872,"minecraft:walk_under_water_one_cm":40464,"minecraft:boat_one_cm":9680,"minecraft:interact_with_blast_furnace":51,"minecraft:total_world_time":707691,"vampirism:interact_with_injection_chair":11,"vampirism:blood_drunk":13000,"tombstone:raider_killed":3,"vampirism:interact_with_garlic_diffuser":1,"minecraft:interact_with_grindstone":13,"minecraft:time_since_rest":4451,"vampirism:resurrected":1,"minecraft:damage_taken":516037,"minecraft:damage_absorbed":312,"minecraft:swim_one_cm":61198,"minecraft:fly_one_cm":2707939,"minecraft:open_chest":762,"minecraft:fall_one_cm":380584},"minecraft:broken":{"minecraft:wooden_sword":1,"minecraft:iron_sword":1,"aether:iron_gloves":1,"aether:cold_parachute":2,"minecraft:iron_axe":1,"minecraft:leather_boots":1,"minecraft:iron_helmet":1},"minecraft:killed":{"vampirism:vampire":2,"minecraft:cave_spider":1,"minecraft:zombified_piglin":54,"minecraft:spider":11,"minecraft:zombie_horse":1,"minecraft:skeleton":293,"minecraft:guardian":5,"minecraft:chicken":1,"minecraft:silverfish":4,"alexsmobs:centipede_head":1,"aether:blue_swet":1,"artifacts:mimic":1,"minecraft:piglin":1,"minecraft:zombie_villager":4,"minecraft:creeper":4,"aether:phyg":1,"aether:aechor_plant":1,"vampirism:hunter":5,"minecraft:sheep":2,"aether:zephyr":1,"minecraft:pillager":1,"minecraft:zombie":639,"alexsmobs:fly":5,"minecraft:cow":26,"aether:mimic":1,"minecraft:zoglin":1,"minecraft:phantom":8,"minecraft:drowned":6,"minecraft:husk":4,"minecraft:bat":1,"mutantmonsters:creeper_minion":1,"alexsmobs:crow":1},"minecraft:dropped":{"sophisticatedbackpacks:iron_backpack":9,"minecraft:iron_sword":1,"minecraft:soul_sand":14,"minecraft:diamond_axe":1,"minecraft:cooked_beef":10,"minecraft:oak_log":13,"projectvibrantjourneys:sandy_sprouts":10,"minecraft:pitcher_pod":16,"minecraft:crossbow":1,"minecraft:cookie":162,"securitycraft:reinforced_cobblestone_slab":3,"minecraft:leather":11,"projectvibrantjourneys:orange_bark_mushroom":2,"minecraft:flint":4,"sophisticatedbackpacks:gold_backpack":1,"minecraft:emerald":288,"artifacts:night_vision_goggles":1,"minecraft:dirt":37,"tombstone:bag_of_seeds":7,"projectvibrantjourneys:fallen_leaves":2,"minecraft:snowball":13,"minecraft:gold_nugget":4,"minecraft:phantom_membrane":3,"minecraft:sand":17,"minecraft:iron_pickaxe":1,"minecraft:white_wool":3,"projectvibrantjourneys:bark_mushroom":1,"artifacts:cowboy_hat":1,"minecraft:bone":210,"minecraft:gravel":73,"alexsmobs:centipede_leg":2,"minecraft:stone_axe":1,"minecraft:cooked_chicken":4,"alexsmobs:animal_dictionary":1,"tombstone:gift":1,"vampirism:holy_water_bottle_enhanced":2,"minecraft:rotten_flesh":174,"minecraft:oak_planks":25,"minecraft:diamond_shovel":1,"minecraft:blaze_powder":1,"vampirism:oblivion_potion":1,"aether:aechor_petal":1,"psg:sulphur":6,"vampirism:hunter_axe_normal":1,"projectvibrantjourneys:light_brown_bark_mushroom":7,"minecraft:gunpowder":2,"artifacts:umbrella":1,"aether:golden_dart":7,"minecraft:beetroot_seeds":4,"minecraft:melon_seeds":15,"minecraft:quartz":10,"minecraft:leather_boots":3,"k_turrets:raw_titanium":2,"minecraft:arrow":10,"minecraft:beef":30,"artifacts:scarf_of_invisibility":1,"minecraft:netherrack":9,"aether:icestone":4,"minecraft:lectern":8,"minecraft:enchanted_book":1,"vampirism:item_garlic":5,"farmersdelight:tomato_seeds":4,"minecraft:water_bucket":1,"minecraft:stone_hoe":1,"minecraft:bread":122,"minecraft:wheat_seeds":10,"aether:cold_aercloud":2,"vampirism:vampire_book":2,"minecraft:oak_fence":62,"minecraft:iron_helmet":1,"minecraft:feather":4,"minecraft:cobblestone":116,"minecraft:book":1,"minecraft:golden_apple":25,"minecraft:stick":3,"minecraft:torch":8,"tombstone:grave_key":1,"artifacts:obsidian_skull":1,"minecraft:diamond_helmet":1,"tombstone:grave_dust":73,"vampirism:enhanced_crossbow":1,"minecraft:iron_leggings":3,"tacz:modern_kinetic_gun":1,"artifacts:feral_claws":2,"minecraft:paper":1,"minecraft:string":9,"minecraft:lily_pad":1,"minecraft:bucket":2,"vampirism:injection_garlic":1,"artifacts:bunny_hoppers":1,"minecraft:spruce_sapling":2,"minecraft:dandelion":1,"minecraft:kelp":2,"minecraft:oak_trapdoor":2,"vampirism:armor_of_swiftness_head_ultimate":2,"minecraft:cobblestone_wall":8,"minecraft:cocoa_beans":4,"aether:zanite_axe":1,"farmersdelight:cabbage_seeds":1,"minecraft:iron_boots":2,"securitycraft:reinforced_cobblestone":1,"minecraft:oak_sign":3,"minecraft:torchflower_seeds":4,"minecraft:pumpkin_seeds":17,"minecraft:suspicious_stew":3,"pointblank:gunmetal_nugget":142,"securitycraft:universal_block_remover":1,"minecraft:stone":258,"minecraft:oak_button":1,"minecraft:diamond_chestplate":1,"minecraft:bundle":2,"minecraft:diamond_pickaxe":1,"minecraft:iron_chestplate":3,"minecraft:mossy_stone_bricks":2,"minecraft:golden_sword":10,"minecraft:spider_eye":18,"minecraft:stone_bricks":2,"minecraft:sandstone":1,"tacz:ammo":133,"minecraft:spruce_log":405,"minecraft:diamond_boots":1,"minecraft:slime_ball":7,"sophisticatedbackpacks:copper_backpack":10,"minecraft:bow":2,"minecraft:stone_pickaxe":2,"tombstone:book_of_disenchantment":2,"securitycraft:universal_block_reinforcer_lvl1":1,"minecraft:red_tulip":1},"minecraft:killed_by":{"minecraft:zombie_villager":1,"minecraft:creeper":1,"minecraft:pillager":4,"minecraft:drowned":1,"alexsmobs:tusklin":1,"minecraft:zombie":17,"vampirism:hunter":1,"minecraft:player":10,"minecraft:spider":1,"mutantmonsters:mutant_skeleton":1,"minecraft:skeleton":4},"minecraft:picked_up":{"minecraft:anvil":6,"minecraft:smithing_table":1,"artifacts:bunny_hoppers":2,"minecraft:stone_slab":4,"artifacts:umbrella":2,"minecraft:oak_stairs":1,"minecraft:enchanted_book":16,"minecraft:brewing_stand":3,"minecraft:golden_sword":10,"securitycraft:reinforced_cobblestone_slab":3,"vampirism:armor_of_swiftness_head_ultimate":1,"minecraft:string":16,"minecraft:raw_copper":89,"minecraft:smooth_stone_slab":12,"minecraft:deepslate_tiles":2,"minecraft:tnt_minecart":1,"minecraft:gold_nugget":171,"minecraft:cobbled_deepslate":154,"minecraft:bucket":1,"comforts:sleeping_bag_white":7,"minecraft:spruce_planks":113,"minecraft:calcite":2,"minecraft:furnace":2,"minecraft:tipped_arrow":2,"minecraft:stick":292,"artifacts:universal_attractor":3,"minecraft:composter":4,"minecraft:oak_fence":63,"minecraft:torch":26,"minecraft:porkchop":2,"psg:sulphur":6,"vampirism:holy_water_bottle_enhanced":2,"tombstone:grave_dust":47,"vampirism:vampire_fang":1,"aether:zanite_axe":1,"alexsmobs:centipede_leg":2,"tombstone:lollipop":1,"minecraft:quartz_block":22,"minecraft:rotten_flesh":411,"minecraft:red_tulip":1,"minecraft:cyan_terracotta":4,"aether:iron_ring":1,"minecraft:obsidian":13,"minecraft:iron_bars":4,"minecraft:snowball":14,"minecraft:blaze_powder":2,"minecraft:cobblestone":226,"minecraft:enchanting_table":2,"minecraft:feather":3,"minecraft:cooked_beef":20,"minecraft:iron_door":1,"minecraft:andesite":18,"projectvibrantjourneys:fallen_leaves":3,"ecologics:coconut_planks":4,"minecraft:golden_leggings":1,"minecraft:smoker":1,"minecraft:flint":67,"minecraft:tuff":7,"projectvibrantjourneys:rocks":1,"minecraft:lapis_lazuli":106,"minecraft:dirt":106,"aether:icestone":4,"artifacts:flippers":1,"minecraft:leather_boots":1,"minecraft:bone":51,"minecraft:bow":4,"minecraft:stonecutter":2,"minecraft:gray_terracotta":13,"minecraft:wheat_seeds":10,"aether:holystone":1,"minecraft:raw_gold":38,"minecraft:pitcher_pod":14,"vampirism:item_garlic":1,"minecraft:grindstone":3,"aether:cold_aercloud":12,"minecraft:mossy_stone_bricks":2,"minecraft:fletching_table":4,"minecraft:diamond_helmet":1,"minecraft:glowstone_dust":49,"minecraft:oak_planks":5,"minecraft:cooked_porkchop":2,"minecraft:sand":152,"sophisticatedbackpacks:iron_backpack":2,"overworld_netherite_ore:large_ancient_shard":1,"securitycraft:universal_block_remover":2,"artifacts:plastic_drinking_hat":1,"minecraft:bundle":4,"minecraft:light_gray_terracotta":1,"tombstone:book_of_disenchantment":2,"minecraft:deepslate":1,"artifacts:golden_hook":1,"minecraft:diamond":50,"aether:ambrosium_shard":1,"minecraft:crossbow":1,"minecraft:granite":3,"aether:swet_ball":1,"minecraft:golden_apple":1,"minecraft:emerald":164,"minecraft:bread":86,"alexsmobs:maggot":6,"minecraft:oak_sapling":5,"minecraft:netherrack":146,"aether:blue_aercloud":1,"minecraft:spruce_leaves":106,"aether:aechor_petal":2,"minecraft:cocoa_beans":2,"minecraft:crafting_table":6,"minecraft:splash_potion":1,"artifacts:night_vision_goggles":1,"minecraft:leather_leggings":1,"minecraft:oak_trapdoor":2,"artifacts:feral_claws":1,"tacz:ammo":315,"artifacts:fire_gauntlet":1,"minecraft:blackstone":3,"minecraft:beef":61,"minecraft:oak_boat":6,"projectvibrantjourneys:sandy_sprouts":11,"minecraft:poppy":2,"minecraft:lectern":129,"minecraft:chest":1,"minecraft:spruce_trapdoor":3,"minecraft:phantom_membrane":2,"minecraft:raw_iron":123,"minecraft:sandstone":2,"minecraft:stone":134,"securitycraft:reinforced_cobblestone":133,"projectvibrantjourneys:bark_mushroom":1,"pointblank:gunmetal_nugget":431,"farmersdelight:tomato_seeds":2,"minecraft:cookie":162,"minecraft:redstone":75,"minecraft:arrow":60,"artifacts:cowboy_hat":1,"minecraft:diamond_chestplate":1,"k_turrets:raw_titanium":2,"minecraft:gold_ingot":20,"tombstone:essence_of_undeath":3,"sophisticatedbackpacks:copper_backpack":2,"minecraft:glow_berries":2,"minecraft:rail":1,"minecraft:white_wool":3,"aether:mossy_holystone":1,"minecraft:basalt":1,"minecraft:glow_ink_sac":10,"minecraft:leather":27,"overworld_netherite_ore:ancientdebrispiece":4,"minecraft:oak_log":85,"minecraft:lily_pad":1,"minecraft:golden_boots":1,"minecraft:cobblestone_wall":3,"minecraft:gunpowder":23,"minecraft:cobblestone_stairs":1,"projectvibrantjourneys:sea_oats":1,"minecraft:blue_bed":2,"minecraft:paper":1,"vampirism:human_heart":3,"minecraft:apple":54,"minecraft:stone_bricks":15,"minecraft:kelp":2,"minecraft:iron_ingot":6,"minecraft:stone_pickaxe":1,"minecraft:cooked_chicken":4,"securitycraft:universal_block_reinforcer_lvl1":1,"tombstone:bag_of_seeds":10,"vampirism:hunter_axe_enhanced":1,"travelersbackpack:blank_upgrade":2,"minecraft:soul_sand":14,"minecraft:book":105,"projectvibrantjourneys:light_brown_bark_mushroom":6,"minecraft:polished_andesite_stairs":2,"artifacts:obsidian_skull":2,"minecraft:quartz":107,"minecraft:dandelion":1,"minecraft:torchflower_seeds":2,"minecraft:gravel":73,"minecraft:lava_bucket":1,"projectvibrantjourneys:bones":1,"minecraft:spruce_sapling":61,"minecraft:blast_furnace":1,"minecraft:white_bed":1,"minecraft:spruce_log":846,"vampirism:altar_infusion":1,"artifacts:scarf_of_invisibility":1,"minecraft:spider_eye":11,"minecraft:diamond_shovel":1,"minecraft:pumpkin_seeds":6,"travelersbackpack:standard":1,"minecraft:slime_ball":5,"tacz:modern_kinetic_gun":2,"minecraft:diamond_axe":1,"projectvibrantjourneys:orange_bark_mushroom":2,"tombstone:magic_scroll":7,"aether:golden_dart":4,"minecraft:melon_seeds":3,"minecraft:coal":39,"minecraft:hopper":2,"minecraft:ender_pearl":3},"minecraft:used":{"minecraft:iron_shovel":34,"minecraft:chest":3,"ecologics:coconut_planks":1,"minecraft:iron_sword":320,"minecraft:stone":11,"tombstone:lollipop":1,"minecraft:iron_chestplate":1,"minecraft:tuff":6,"minecraft:obsidian":11,"minecraft:milk_bucket":1,"minecraft:glass":11,"minecraft:cyan_terracotta":1,"minecraft:lava_bucket":2,"minecraft:polished_andesite_stairs":2,"minecraft:quartz_block":22,"minecraft:iron_helmet":1,"minecraft:stone_bricks":13,"minecraft:rabbit_stew":1,"minecraft:bow":115,"minecraft:oak_sapling":5,"minecraft:furnace":4,"minecraft:potato":3,"projectvibrantjourneys:rocks":1,"minecraft:diamond_boots":2,"minecraft:oak_planks":26,"minecraft:stone_pickaxe":95,"aether:mossy_holystone":1,"minecraft:composter":6,"minecraft:blackstone":3,"minecraft:ender_pearl":1,"minecraft:diamond_axe":573,"minecraft:sandstone":1,"vampirism:human_heart":3,"minecraft:blue_bed":2,"minecraft:cookie":8,"minecraft:golden_apple":23,"minecraft:sand":210,"minecraft:light_gray_terracotta":1,"minecraft:shears":107,"securitycraft:universal_block_remover":79,"minecraft:deepslate_tiles":2,"minecraft:bread":125,"minecraft:lectern":121,"tombstone:grave_key":20,"minecraft:iron_door":1,"minecraft:andesite":18,"minecraft:diamond_sword":850,"minecraft:oak_fence":1,"minecraft:wooden_sword":65,"minecraft:smooth_stone_slab":12,"vampirism:med_chair":1,"projectvibrantjourneys:sandy_sprouts":1,"minecraft:oak_trapdoor":1,"minecraft:oak_boat":8,"minecraft:bone_meal":57,"minecraft:smithing_table":1,"minecraft:experience_bottle":1,"minecraft:iron_bars":4,"minecraft:enchanting_table":1,"minecraft:flint_and_steel":31,"aether:cold_aercloud":2,"minecraft:spruce_planks":7,"minecraft:netherrack":28,"minecraft:torch":23,"minecraft:brewing_stand":2,"minecraft:dirt":39,"minecraft:spyglass":5,"minecraft:anvil":2,"minecraft:hopper":2,"minecraft:cobblestone_wall":1,"minecraft:granite":2,"projectvibrantjourneys:bones":1,"minecraft:iron_hoe":70,"projectvibrantjourneys:fallen_leaves":1,"minecraft:bookshelf":17,"minecraft:iron_axe":247,"better_mob_food:cooked_flesh":134,"minecraft:glowstone":10,"minecraft:golden_carrot":2,"minecraft:beef":13,"comforts:sleeping_bag_white":6,"tombstone:gift":5,"aether:cold_parachute":2,"minecraft:cooked_beef":9,"minecraft:cobbled_deepslate":118,"minecraft:calcite":2,"travelersbackpack:sheep":1,"farmersdelight:iron_knife":20,"minecraft:water_bucket":5,"minecraft:cobblestone_stairs":1,"securitycraft:reinforced_cobblestone":103,"minecraft:leather_boots":1,"minecraft:fletching_table":10,"projectvibrantjourneys:sea_oats":1,"minecraft:crafting_table":7,"minecraft:white_bed":1,"minecraft:spruce_log":2,"minecraft:cake":1,"tombstone:bag_of_seeds":20,"minecraft:oak_log":8,"minecraft:gray_terracotta":13,"minecraft:diamond_pickaxe":1928,"minecraft:apple":7,"minecraft:diamond_shovel":270,"tombstone:magic_scroll":15,"minecraft:iron_pickaxe":248,"minecraft:spruce_trapdoor":9,"minecraft:stone_slab":4,"minecraft:spruce_sapling":45,"minecraft:cobblestone":257,"travelersbackpack:standard":33,"aether:golden_parachute":7,"minecraft:porkchop":2,"minecraft:cooked_porkchop":10,"minecraft:bucket":8,"minecraft:splash_potion":1,"minecraft:diamond_leggings":7},"minecraft:crafted":{"minecraft:ancient_debris":5,"minecraft:oak_planks":255,"minecraft:oak_sign":3,"vampirism:injection_garlic":1,"vampirism:med_chair":1,"minecraft:bookshelf":27,"minecraft:suspicious_stew":3,"securitycraft:laser_block":1,"minecraft:glass":6,"minecraft:diamond_helmet":2,"minecraft:diamond_leggings":2,"minecraft:iron_boots":3,"tombstone:grave_key":1,"minecraft:chest":2,"aether:diamond_gloves":1,"minecraft:oak_button":1,"travelersbackpack:iron_tier_upgrade":1,"minecraft:emerald":261,"minecraft:cooked_porkchop":10,"minecraft:crafting_table":2,"minecraft:spruce_planks":3208,"travelersbackpack:standard":2,"minecraft:iron_helmet":1,"minecraft:copper_ingot":62,"minecraft:fletching_table":31,"minecraft:apple":64,"minecraft:spruce_trapdoor":20,"minecraft:iron_chestplate":2,"minecraft:diamond_pickaxe":2,"minecraft:stick":5833,"minecraft:iron_ingot":254,"minecraft:iron_pickaxe":1,"minecraft:golden_carrot":108,"minecraft:gold_ingot":504,"minecraft:netherite_ingot":1,"minecraft:shears":2,"securitycraft:universal_block_reinforcer_lvl1":1,"tombstone:book_of_disenchantment":4,"minecraft:wooden_sword":1,"minecraft:cookie":216,"minecraft:furnace":2,"minecraft:bone_meal":57,"travelersbackpack:gold_tier_upgrade":1,"minecraft:oak_trapdoor":4,"minecraft:glass_pane":16,"minecraft:flint_and_steel":1,"vampirism:injection_empty":1,"minecraft:iron_axe":1,"securitycraft:universal_block_remover":1,"minecraft:iron_hoe":1,"minecraft:stone_pickaxe":1,"minecraft:cobblestone_wall":6,"minecraft:diamond_boots":2,"minecraft:redstone_block":1,"minecraft:netherite_scrap":5,"aether:cold_parachute":2,"minecraft:cooked_beef":13,"minecraft:diamond_sword":1,"pointblank:gunmetal_ingot":2,"minecraft:iron_sword":1,"better_mob_food:cooked_flesh":80,"minecraft:bucket":2,"minecraft:glowstone":12,"minecraft:bread":393,"minecraft:air":0,"minecraft:oak_boat":3,"minecraft:golden_apple":62,"minecraft:raw_gold":45,"minecraft:iron_leggings":3,"minecraft:lapis_lazuli":126,"minecraft:lapis_block":8,"minecraft:diamond_chestplate":2},"minecraft:mined":{"create:deepslate_zinc_ore":1,"minecraft:spruce_planks":8,"aether:cold_aercloud":10,"minecraft:oak_sapling":1,"minecraft:cobblestone_stairs":1,"minecraft:brewing_stand":3,"minecraft:obsidian":2,"ecologics:surface_moss":1,"minecraft:spruce_trapdoor":3,"minecraft:granite":3,"minecraft:grass_block":38,"minecraft:composter":4,"minecraft:hopper":2,"minecraft:spawner":16,"minecraft:glowstone":16,"minecraft:iron_ore":70,"minecraft:fire":54,"minecraft:cobbled_deepslate":3,"projectvibrantjourneys:bark_mushroom":1,"minecraft:moss_carpet":1,"minecraft:anvil":6,"minecraft:deepslate_lapis_ore":8,"minecraft:fletching_table":4,"minecraft:enchanting_table":2,"minecraft:red_tulip":1,"minecraft:iron_bars":4,"minecraft:deepslate_redstone_ore":16,"minecraft:gray_terracotta":13,"aether:holystone":1,"minecraft:quartz_block":23,"minecraft:cyan_terracotta":12,"projectvibrantjourneys:sea_oats":3,"minecraft:blackstone":3,"minecraft:smoker":1,"vampirism:totem_top_vampirism_vampire":1,"minecraft:torch":21,"minecraft:light_gray_terracotta":1,"projectvibrantjourneys:twigs":1,"minecraft:blast_furnace":1,"minecraft:calcite":2,"minecraft:polished_andesite_stairs":2,"minecraft:glass":10,"minecraft:nether_quartz_ore":48,"minecraft:cobblestone":186,"minecraft:oak_planks":4,"minecraft:grindstone":3,"projectvibrantjourneys:fallen_leaves":1,"minecraft:iron_door":1,"minecraft:wall_torch":1,"minecraft:deepslate_copper_ore":15,"minecraft:seagrass":1,"farmersdelight:sandy_shrub":1,"vampirism:totem_top":1,"projectvibrantjourneys:bones":1,"overworld_netherite_ore:deepslate_ancient_debris_ore":6,"minecraft:smooth_stone_slab":9,"minecraft:grass":142,"minecraft:cracked_deepslate_tiles":1,"minecraft:oak_log":83,"projectvibrantjourneys:short_grass":37,"minecraft:oak_fence_gate":1,"minecraft:sand":128,"minecraft:dirt":27,"minecraft:deepslate":159,"minecraft:nether_gold_ore":15,"minecraft:stonecutter":2,"minecraft:netherrack":159,"minecraft:oak_leaves":14,"minecraft:light_blue_stained_glass_pane":2,"minecraft:deepslate_tiles":3,"minecraft:diamond_ore":9,"minecraft:tuff":9,"ecologics:coconut_planks":4,"minecraft:mossy_cobblestone":2,"minecraft:deepslate_diamond_ore":35,"projectvibrantjourneys:rocks":4,"minecraft:gray_stained_glass_pane":5,"aether:mossy_holystone":1,"minecraft:spruce_leaves":223,"minecraft:kelp":1,"minecraft:large_fern":4,"minecraft:spruce_sapling":8,"minecraft:furnace":2,"minecraft:snow":1,"minecraft:andesite":18,"minecraft:bookshelf":35,"vampirism:altar_infusion":1,"minecraft:deepslate_iron_ore":54,"projectvibrantjourneys:seashells":1,"minecraft:white_tulip":1,"minecraft:stone":1163,"minecraft:smithing_table":1,"minecraft:glass_pane":2,"minecraft:soul_sand":16,"minecraft:basalt":1,"minecraft:dandelion":1,"psg:deepslate_sulphur_ore":2,"minecraft:oak_fence":32,"minecraft:crafting_table":6,"minecraft:emerald_ore":4,"minecraft:gray_stained_glass":2,"minecraft:warped_roots":1,"minecraft:lectern":121,"minecraft:copper_ore":12,"minecraft:stone_slab":2,"minecraft:tall_grass":31,"minecraft:lapis_ore":8,"minecraft:deepslate_coal_ore":12,"minecraft:deepslate_gold_ore":38,"minecraft:blue_bed":2,"k_turrets:deepslate_titanium_ore":1,"minecraft:cobblestone_wall":3,"minecraft:ice":2,"minecraft:spruce_log":400,"projectvibrantjourneys:sandy_sprouts":10,"minecraft:coal_ore":20,"minecraft:gravel":156,"minecraft:cobweb":11,"minecraft:cracked_stone_bricks":1,"minecraft:stone_bricks":18,"minecraft:mossy_stone_bricks":2}},"DataVersion":3465}